name,role,primary_initiative,follow_up_preference
Casey Morgan,PMO Lead,Portfolio Governance,chat then email
Morgan Lee,Executive Sponsor,Customer Portal Modernization; Regulatory Reporting Remediation,email summary
Riley Chen,Program Lead,Regulatory Reporting Remediation,chat
Alex Rivera,Product Lead,Customer Portal Modernization,chat
Priya Shah,Platform Owner,Data Platform Stabilization,chat
Taylor Brooks,Operations Sponsor,Field Operations Workflow Automation,email
Jordan Kim,Change Lead,Field Operations Workflow Automation,chat
Sam Patel,Data Validation Lead,Regulatory Reporting Remediation,email
Noah Grant,Architecture Lead,Data Platform Stabilization,chat
